gpstime,week,gpsfix,numsats,lat,lon,alt,velx,vely,velz,nacc,eacc,vacc,sacc,tacc,timestamp
348414.000202,2055,3,9,34.59225190,-112.43333260,1545.420,0.170,-0.260,0.500,12.180,8.884,10.743,0.448,0.00000000800,1559177196.194741011
348414.200203,2055,3,9,34.59225160,-112.43333290,1545.499,0.000,0.000,0.120,12.180,8.884,10.737,0.448,0.00000000800,1559177196.346035004
348414.400204,2055,3,9,34.59225090,-112.43333270,1545.718,-0.070,-0.010,-0.260,12.150,8.862,10.728,0.440,0.00000000800,1559177196.543994904
348414.600205,2055,3,9,34.59225050,-112.43333270,1545.868,0.040,-0.090,0.020,12.150,8.862,10.716,0.368,0.00000000700,1559177196.743113041
348414.800206,2055,3,9,34.59225040,-112.43333310,1545.888,0.030,-0.030,0.210,12.150,8.862,10.707,0.472,0.00000000700,1559177196.943559885
348415.000207,2055,3,9,34.59225030,-112.43333340,1545.908,0.030,0.040,0.030,12.120,8.840,10.695,0.368,0.00000000700,1559177197.142607927
348415.200208,2055,3,9,34.59225040,-112.43333360,1545.940,0.090,0.070,0.060,12.120,8.840,10.683,0.344,0.00000000700,1559177197.344247103
348415.400209,2055,3,9,34.59225030,-112.43333370,1545.988,0.010,0.030,0.140,12.090,8.819,10.668,0.424,0.00000000700,1559177197.544607878
348415.600210,2055,3,9,34.59225010,-112.43333390,1546.018,0.120,0.040,0.280,12.060,8.797,10.650,0.424,0.00000000700,1559177197.743752003
348415.800211,2055,3,9,34.59225010,-112.43333440,1546.014,0.140,-0.130,0.380,12.060,8.797,10.632,0.440,0.00000000700,1559177197.942861557
348416.000212,2055,3,9,34.59225000,-112.43333530,1545.968,0.040,-0.180,0.280,12.030,8.775,10.617,0.424,0.00000000700,1559177198.146961927
348416.200213,2055,3,9,34.59224970,-112.43333590,1545.994,-0.080,-0.120,-0.120,12.000,8.753,10.593,0.352,0.00000000700,1559177198.344934464
348416.400214,2055,3,9,34.59224920,-112.43333610,1546.107,0.050,-0.070,0.010,11.970,8.731,10.572,0.352,0.00000000700,1559177198.542735577
348416.600215,2055,3,9,34.59224880,-112.43333630,1546.178,0.060,-0.080,0.260,11.940,8.709,10.548,0.432,0.00000000700,1559177198.743134499
348416.800216,2055,3,9,34.59224860,-112.43333680,1546.134,0.050,0.080,0.120,11.940,8.709,10.542,0.384,0.00000000700,1559177198.943481207
348417.000217,2055,3,9,34.59224820,-112.43333710,1546.167,-0.040,0.040,-0.030,11.940,8.709,10.530,0.384,0.00000000700,1559177199.143852234
348417.200218,2055,3,9,34.59224790,-112.43333760,1546.200,-0.010,0.040,-0.110,11.910,8.687,10.518,0.432,0.00000000700,1559177199.342961550
348417.400219,2055,3,9,34.59224750,-112.43333780,1546.293,0.110,0.100,0.100,11.910,8.687,10.512,0.360,0.00000000700,1559177199.544606209
348417.600220,2055,3,9,34.59224730,-112.43333830,1546.297,0.080,-0.090,0.190,11.910,8.687,10.509,0.448,0.00000000700,1559177199.742502213
348417.800221,2055,3,9,34.59224700,-112.43333890,1546.313,-0.170,0.080,-0.080,11.880,8.665,10.503,0.360,0.00000000700,1559177199.944208384
348418.000222,2055,3,9,34.59224650,-112.43333890,1546.403,-0.110,0.260,-0.370,11.880,8.665,10.497,0.464,0.00000000700,1559177200.143273592
348418.200223,2055,3,9,34.59224650,-112.43333900,1546.380,0.030,0.090,-0.030,11.880,8.665,10.491,0.392,0.00000000700,1559177200.343669653
348418.400224,2055,3,9,34.59224670,-112.43333940,1546.327,0.020,-0.030,0.090,11.880,8.665,10.497,0.480,0.00000000700,1559177200.541460991
348418.600225,2055,3,9,34.59224720,-112.43334020,1546.161,0.040,-0.060,0.000,11.880,8.665,10.500,0.344,0.00000000700,1559177200.743166924
348418.800226,2055,3,9,34.59224790,-112.43334130,1545.927,0.060,0.030,0.150,11.880,8.665,10.503,0.440,0.00000000700,1559177200.944772243
348419.000227,2055,3,9,34.59224830,-112.43334190,1545.826,0.140,-0.040,0.200,11.880,8.665,10.506,0.456,0.00000000700,1559177201.143892765
348419.200228,2055,3,9,34.59224860,-112.43334240,1545.749,0.190,0.000,0.440,11.880,8.665,10.506,0.464,0.00000000700,1559177201.343107224
348419.400229,2055,3,9,34.59224880,-112.43334290,1545.662,0.100,-0.070,0.420,11.880,8.665,10.506,0.472,0.00000000700,1559177201.543361187
348419.600230,2055,3,9,34.59224920,-112.43334370,1545.488,0.030,-0.120,0.190,11.880,8.665,10.506,0.472,0.00000000700,1559177201.743760824
348419.800231,2055,3,9,34.59224930,-112.43334410,1545.450,-0.040,0.070,-0.090,11.880,8.665,10.515,0.480,0.00000000700,1559177201.942855120
348420.000232,2055,3,9,34.59224920,-112.43334400,1545.494,0.040,-0.030,0.070,11.910,8.687,10.518,0.480,0.00000000700,1559177202.143229961
348420.200233,2055,3,9,34.59224920,-112.43334410,1545.478,0.030,-0.030,0.220,11.910,8.687,10.521,0.480,0.00000000700,1559177202.343581676
348420.400233,2055,3,9,34.59224970,-112.43334460,1545.274,0.020,-0.060,0.230,11.910,8.687,10.524,0.488,0.00000000700,1559177202.542706490
348420.600234,2055,3,9,34.59224990,-112.43334490,1545.189,-0.060,-0.060,0.220,11.910,8.687,10.530,0.448,0.00000000700,1559177202.740601778
348420.800235,2055,3,9,34.59225030,-112.43334540,1545.041,0.020,-0.050,0.130,11.910,8.687,10.533,0.488,0.00000000700,1559177202.938573837
348421.000236,2055,3,9,34.59225060,-112.43334560,1544.952,0.120,-0.020,0.250,11.910,8.687,10.530,0.480,0.00000000700,1559177203.140105247
348421.200237,2055,3,9,34.59225070,-112.43334570,1544.933,0.130,-0.250,0.530,11.910,8.687,10.530,0.488,0.00000000700,1559177203.342956543
348421.400238,2055,3,10,34.59225090,-112.43334580,1544.894,0.090,-0.060,0.180,11.910,9.698,10.527,0.480,0.00000000700,1559177203.545851707
348421.600239,2055,3,10,34.59225110,-112.43334600,1544.856,-0.070,-0.060,-0.170,11.910,9.698,10.521,0.440,0.00000000700,1559177203.743735790
348421.800240,2055,3,10,34.59225110,-112.43334600,1544.863,0.020,0.070,0.030,11.880,9.674,10.515,0.328,0.00000000700,1559177203.942876816
348422.000241,2055,3,10,34.59225120,-112.43334590,1544.876,0.120,-0.020,0.180,11.880,9.674,10.512,0.456,0.00000000700,1559177204.143227100
348422.200242,2055,3,10,34.59225170,-112.43334620,1544.759,0.060,-0.040,0.120,11.880,9.674,10.512,0.480,0.00000000700,1559177204.344984531
348422.400243,2055,3,10,34.59225200,-112.43334680,1544.635,0.000,-0.130,0.100,11.880,9.674,10.509,0.432,0.00000000700,1559177204.543983936
348422.600244,2055,3,10,34.59225230,-112.43334720,1544.523,0.070,-0.020,0.120,11.880,9.674,10.503,0.456,0.00000000700,1559177204.743128300
348422.800245,2055,3,10,34.59225260,-112.43334760,1544.432,0.100,-0.130,0.270,11.880,9.674,10.497,0.472,0.00000000700,1559177204.943494081
348423.000246,2055,3,10,34.59225340,-112.43334830,1544.210,0.230,-0.220,0.550,11.880,9.674,10.494,0.472,0.00000000700,1559177205.142618656
348423.200247,2055,3,10,34.59225380,-112.43334870,1544.041,0.070,-0.120,0.490,11.880,9.674,10.500,0.472,0.00000000700,1559177205.344227314
348423.400248,2055,3,10,34.59225420,-112.43334910,1543.908,0.010,-0.070,-0.040,11.880,9.674,10.506,0.328,0.00000000700,1559177205.544598579
348423.600249,2055,3,10,34.59225460,-112.43334950,1543.779,0.110,-0.170,0.240,11.880,9.674,10.512,0.472,0.00000000700,1559177205.743778229
348423.800250,2055,3,10,34.59225470,-112.43334960,1543.761,0.130,-0.160,0.270,11.910,9.698,10.521,0.472,0.00000000700,1559177205.946749210
348424.000251,2055,3,9,34.59225540,-112.43334990,1543.617,0.100,-0.020,0.040,11.940,11.238,10.563,0.344,0.00000000700,1559177206.133105516
348424.200252,2055,3,10,34.59225560,-112.43334960,1543.611,0.060,-0.160,-0.010,11.940,9.723,10.563,0.344,0.00000000700,1559177206.335975885
348424.400253,2055,3,10,34.59225580,-112.43334960,1543.563,0.080,-0.180,0.220,11.940,9.723,10.569,0.480,0.00000000700,1559177206.538824320
348424.600254,2055,3,10,34.59225600,-112.43334920,1543.542,0.170,-0.010,0.360,11.970,9.747,10.569,0.456,0.00000000700,1559177206.741704702
348424.800255,2055,3,9,34.59225680,-112.43334940,1543.315,0.020,0.020,0.040,12.000,11.294,10.614,0.416,0.00000000700,1559177206.943346977
348425.000256,2055,3,10,34.59225740,-112.43334960,1543.139,-0.060,0.050,-0.060,12.000,9.771,10.620,0.456,0.00000000700,1559177207.143739700
348425.200257,2055,3,10,34.59225760,-112.43334940,1543.105,0.100,-0.100,0.180,12.030,9.796,10.623,0.480,0.00000000700,1559177207.342971087
348425.400258,2055,3,10,34.59225780,-112.43334920,1543.081,0.070,-0.080,0.320,12.030,9.796,10.626,0.488,0.00000000700,1559177207.543236971
348425.600259,2055,3,10,34.59225830,-112.43334910,1542.932,0.090,0.080,0.180,12.030,9.796,10.629,0.400,0.00000000700,1559177207.743598461
348425.800260,2055,3,10,34.59225880,-112.43334890,1542.816,0.100,0.030,0.080,12.030,9.796,10.638,0.368,0.00000000700,1559177207.942741156
348426.000261,2055,3,10,34.59225920,-112.43334880,1542.723,0.120,-0.060,0.200,12.060,9.820,10.647,0.472,0.00000000700,1559177208.143124580
348426.200262,2055,3,10,34.59225960,-112.43334870,1542.649,0.210,-0.110,0.360,12.060,9.820,10.653,0.472,0.00000000700,1559177208.344724655
348426.400263,2055,3,9,34.59226030,-112.43334890,1542.478,0.050,-0.150,0.260,12.090,11.379,10.695,0.504,0.00000000800,1559177208.542594433
348426.600264,2055,3,10,34.59225990,-112.43334810,1542.583,-0.060,0.150,-0.120,12.120,9.869,10.710,0.472,0.00000000800,1559177208.744246006
348426.800265,2055,3,10,34.59225990,-112.43334770,1542.573,-0.110,0.020,-0.140,12.120,9.869,10.719,0.464,0.00000000800,1559177208.944702387
348427.000266,2055,3,10,34.59226010,-112.43334770,1542.486,-0.020,-0.080,0.190,12.150,9.894,10.734,0.488,0.00000000800,1559177209.143753290
348427.200267,2055,3,10,34.59226010,-112.43334710,1542.494,-0.040,0.130,0.030,12.180,9.918,10.755,0.344,0.00000000800,1559177209.345345020
348427.400268,2055,3,10,34.59226010,-112.43334660,1542.505,-0.090,-0.030,-0.050,12.180,9.918,10.770,0.352,0.00000000800,1559177209.543222904
348427.600269,2055,3,10,34.59226010,-112.43334640,1542.510,-0.100,0.030,-0.130,12.210,9.942,10.782,0.480,0.00000000800,1559177209.744866371
348427.800270,2055,3,10,34.59226020,-112.43334620,1542.520,0.060,-0.110,0.180,12.210,9.942,10.791,0.496,0.00000000800,1559177209.942736626
348428.000271,2055,3,10,34.59226040,-112.43334600,1542.484,0.040,0.020,0.210,12.210,9.942,10.794,0.464,0.00000000800,1559177210.144341469
348428.200272,2055,3,10,34.59226090,-112.43334600,1542.367,-0.070,0.020,-0.030,12.210,9.942,10.791,0.352,0.00000000800,1559177210.344848871
348428.400273,2055,3,10,34.59226100,-112.43334580,1542.387,-0.030,-0.070,-0.090,12.210,9.942,10.788,0.376,0.00000000800,1559177210.543862104
348428.600274,2055,3,10,34.59226130,-112.43334570,1542.375,0.120,-0.070,0.130,12.210,9.942,10.785,0.448,0.00000000800,1559177210.742990255
348428.800275,2055,3,10,34.59226180,-112.43334560,1542.312,0.110,0.010,0.160,12.210,9.942,10.788,0.440,0.00000000800,1559177210.944613934
348429.000276,2055,3,10,34.59226190,-112.43334510,1542.345,-0.040,-0.020,0.050,12.210,9.942,10.788,0.352,0.00000000800,1559177211.146196842
348429.200277,2055,3,10,34.59226230,-112.43334490,1542.303,0.100,0.060,0.130,12.210,9.942,10.782,0.384,0.00000000800,1559177211.344133854
348429.400278,2055,3,10,34.59226290,-112.43334480,1542.238,0.180,-0.150,0.330,12.210,9.942,10.779,0.456,0.00000000800,1559177211.543283463
348429.600279,2055,3,10,34.59226350,-112.43334490,1542.151,0.200,-0.160,0.490,12.210,9.942,10.776,0.456,0.00000000800,1559177211.743601322
348429.800280,2055,3,10,34.59226420,-112.43334530,1541.984,0.040,-0.050,0.240,12.210,9.942,10.779,0.448,0.00000000800,1559177211.942816019
348430.000280,2055,3,10,34.59226420,-112.43334490,1542.026,-0.030,0.040,-0.010,12.210,9.942,10.785,0.376,0.00000000800,1559177212.143126249
348430.200281,2055,3,9,34.59226490,-112.43334540,1541.882,0.120,-0.170,0.350,12.240,11.520,10.818,0.472,0.00000000800,1559177212.344719172
348430.400282,2055,3,10,34.59226520,-112.43334530,1541.844,0.010,0.000,0.250,12.270,9.991,10.824,0.440,0.00000000800,1559177212.543841600
348430.600283,2055,3,10,34.59226560,-112.43334520,1541.753,-0.020,0.060,0.190,12.270,9.991,10.833,0.392,0.00000000800,1559177212.742991924
348430.800284,2055,3,10,34.59226600,-112.43334500,1541.681,0.010,0.010,0.190,12.270,9.991,10.839,0.432,0.00000000800,1559177212.944613457
348431.000285,2055,3,9,34.59226670,-112.43334530,1541.548,0.220,-0.210,0.500,12.300,11.576,10.869,0.472,0.00000000800,1559177213.143733740
348431.200286,2055,3,10,34.59226730,-112.43334560,1541.430,0.170,-0.200,0.620,12.330,10.040,10.878,0.472,0.00000000800,1559177213.344222546
348431.400287,2055,3,10,34.59226790,-112.43334570,1541.288,0.100,0.010,0.330,12.330,10.040,10.887,0.448,0.00000000800,1559177213.545719385
348431.600288,2055,3,10,34.59226860,-112.43334570,1541.160,0.120,0.040,0.230,12.330,10.040,10.893,0.424,0.00000000800,1559177213.742368937
348431.800289,2055,3,10,34.59226940,-112.43334580,1540.968,0.230,-0.040,0.550,12.330,10.040,10.890,0.440,0.00000000800,1559177213.943984032
348432.000290,2055,3,10,34.59226980,-112.43334560,1540.933,0.250,-0.250,0.550,12.330,10.040,10.887,0.448,0.00000000800,1559177214.143110037
348432.200291,2055,3,10,34.59226990,-112.43334530,1540.924,0.020,-0.110,0.270,12.330,10.040,10.881,0.448,0.00000000800,1559177214.344713211
348432.400292,2055,3,10,34.59226990,-112.43334510,1540.933,0.090,-0.230,0.320,12.330,10.040,10.872,0.448,0.00000000800,1559177214.542587996
348432.600293,2055,3,9,34.59227070,-112.43334570,1540.722,0.220,-0.280,0.600,12.360,11.633,10.902,0.456,0.00000000800,1559177214.740466595
348432.800294,2055,3,9,34.59227130,-112.43334600,1540.530,0.110,-0.060,0.640,12.390,11.661,10.929,0.448,0.00000000800,1559177214.939689159
348433.000295,2055,3,10,34.59227140,-112.43334550,1540.489,0.000,-0.050,0.180,12.390,10.089,10.926,0.448,0.00000000800,1559177215.143714190
348433.200296,2055,3,10,34.59227120,-112.43334500,1540.568,0.110,-0.140,0.230,12.390,10.089,10.920,0.464,0.00000000800,1559177215.342839479
348433.400297,2055,3,10,34.59227160,-112.43334500,1540.482,0.140,-0.120,0.500,12.360,10.065,10.917,0.472,0.00000000800,1559177215.543221235
348433.600298,2055,3,10,34.59227220,-112.43334540,1540.281,0.060,-0.230,0.460,12.360,10.065,10.917,0.472,0.00000000800,1559177215.744859219
348433.800299,2055,3,10,34.59227230,-112.43334520,1540.245,0.030,0.010,0.260,12.360,10.065,10.917,0.448,0.00000000800,1559177215.942730904
348434.000300,2055,3,10,34.59227240,-112.43334480,1540.243,0.170,0.050,0.240,12.360,10.065,10.908,0.416,0.00000000800,1559177216.143096209
348434.200301,2055,3,10,34.59227250,-112.43334430,1540.251,0.240,-0.040,0.530,12.360,10.065,10.905,0.464,0.00000000800,1559177216.344850302
348434.400302,2055,3,10,34.59227290,-112.43334420,1540.167,0.180,-0.160,0.460,12.360,10.065,10.899,0.480,0.00000000800,1559177216.543850422
348434.600303,2055,3,10,34.59227310,-112.43334400,1540.113,-0.030,-0.030,0.030,12.360,10.065,10.893,0.352,0.00000000800,1559177216.742997885
348434.800304,2055,3,10,34.59227310,-112.43334370,1540.131,0.130,-0.130,0.080,12.330,10.040,10.887,0.408,0.00000000800,1559177216.944611073
348435.000305,2055,3,10,34.59227330,-112.43334360,1540.098,0.080,-0.140,0.310,12.330,10.040,10.878,0.488,0.00000000800,1559177217.142541885
348435.200306,2055,3,9,34.59227390,-112.43334410,1539.916,0.100,-0.130,0.260,12.360,11.633,10.908,0.504,0.00000000800,1559177217.339067459
348435.400307,2055,3,10,34.59227390,-112.43334370,1539.919,0.060,-0.040,0.130,12.360,10.065,10.902,0.488,0.00000000800,1559177217.541941404
348435.600308,2055,3,10,34.59227380,-112.43334350,1539.896,0.080,-0.140,0.320,12.360,10.065,10.899,0.488,0.00000000800,1559177217.743611336
348435.800309,2055,3,10,34.59227420,-112.43334370,1539.758,0.200,-0.250,0.560,12.360,10.065,10.899,0.496,0.00000000800,1559177217.942838430
348436.000310,2055,3,10,34.59227470,-112.43334370,1539.609,0.040,0.030,0.260,12.360,10.065,10.908,0.456,0.00000000800,1559177218.144364595
348436.200311,2055,3,10,34.59227490,-112.43334360,1539.514,0.060,-0.080,0.230,12.390,10.089,10.917,0.496,0.00000000800,1559177218.344709635
348436.400312,2055,3,10,34.59227510,-112.43334340,1539.441,0.180,-0.090,0.280,12.390,10.089,10.926,0.472,0.00000000800,1559177218.542566299
348436.600313,2055,3,10,34.59227570,-112.43334340,1539.280,0.170,-0.040,0.350,12.390,10.089,10.926,0.464,0.00000000800,1559177218.744239569
348436.800314,2055,3,10,34.59227620,-112.43334350,1539.122,0.100,-0.100,0.240,12.390,10.089,10.929,0.480,0.00000000800,1559177218.942067623
348437.000315,2055,3,10,34.59227620,-112.43334300,1539.113,0.140,-0.070,0.500,12.390,10.089,10.932,0.472,0.00000000800,1559177219.143692017
348437.200316,2055,3,10,34.59227620,-112.43334270,1539.114,0.180,-0.140,0.410,12.390,10.089,10.932,0.472,0.00000000800,1559177219.346706867
348437.400317,2055,3,10,34.59227630,-112.43334270,1539.049,-0.020,-0.100,-0.090,12.390,10.089,10.932,0.336,0.00000000800,1559177219.544466972
348437.600318,2055,3,10,34.59227640,-112.43334260,1539.014,0.070,0.040,0.180,12.390,10.089,10.932,0.432,0.00000000800,1559177219.744861841
348437.800319,2055,3,10,34.59227640,-112.43334250,1538.992,0.030,-0.150,0.220,12.390,10.089,10.929,0.480,0.00000000800,1559177219.943957567
348438.000320,2055,3,10,34.59227660,-112.43334270,1538.900,0.060,-0.090,0.070,12.390,10.089,10.929,0.448,0.00000000800,1559177220.143087387
348438.200321,2055,3,10,34.59227670,-112.43334260,1538.893,0.010,-0.100,-0.080,12.390,10.089,10.926,0.328,0.00000000800,1559177220.343438625
348438.400322,2055,3,10,34.59227720,-112.43334310,1538.733,0.130,-0.200,0.420,12.390,10.089,10.926,0.480,0.00000000800,1559177220.543832064
348438.600323,2055,3,10,34.59227750,-112.43334350,1538.594,0.070,-0.040,0.300,12.390,10.089,10.926,0.472,0.00000000800,1559177220.746721983
348438.800324,2055,3,10,34.59227760,-112.43334350,1538.525,-0.100,0.050,-0.050,12.390,10.089,10.926,0.384,0.00000000800,1559177220.944691420
348439.000325,2055,3,10,34.59227750,-112.43334310,1538.516,0.070,0.080,0.170,12.390,10.089,10.923,0.416,0.00000000800,1559177221.146262169
348439.200325,2055,3,9,34.59227790,-112.43334320,1538.391,-0.030,-0.080,0.230,12.420,11.689,10.956,0.464,0.00000000800,1559177221.344103098
348439.400326,2055,3,10,34.59227800,-112.43334290,1538.342,0.010,-0.010,0.060,12.420,10.113,10.953,0.472,0.00000000800,1559177221.543214798
348439.600327,2055,3,10,34.59227810,-112.43334260,1538.364,0.040,-0.070,-0.030,12.420,10.113,10.944,0.296,0.00000000800,1559177221.744851112
348439.800328,2055,3,10,34.59227810,-112.43334220,1538.410,0.140,-0.030,0.290,12.420,10.113,10.938,0.456,0.00000000800,1559177221.943975925
348440.000329,2055,3,10,34.59227860,-112.43334200,1538.316,0.160,-0.010,0.310,12.420,10.113,10.932,0.448,0.00000000800,1559177222.143110514
348440.200330,2055,3,10,34.59227910,-112.43334210,1538.168,-0.020,-0.020,0.090,12.390,10.089,10.929,0.424,0.00000000800,1559177222.343592405
348440.400331,2055,3,10,34.59227920,-112.43334200,1538.132,0.070,-0.090,0.050,12.390,10.089,10.929,0.408,0.00000000800,1559177222.543842077
348440.600332,2055,3,10,34.59227970,-112.43334210,1538.001,0.090,-0.140,0.370,12.390,10.089,10.929,0.472,0.00000000800,1559177222.742985725
348440.800333,2055,3,10,34.59227980,-112.43334160,1537.984,0.070,-0.050,0.220,12.390,10.089,10.929,0.472,0.00000000800,1559177222.943412304
348441.000334,2055,3,10,34.59227990,-112.43334100,1537.998,0.060,-0.010,0.020,12.390,10.089,10.923,0.336,0.00000000800,1559177223.143707037
348441.200335,2055,3,10,34.59227990,-112.43334020,1538.066,0.130,-0.080,0.360,12.390,10.089,10.914,0.456,0.00000000800,1559177223.342906237
348441.400336,2055,3,10,34.59227970,-112.43333910,1538.159,0.010,0.050,0.290,12.360,10.065,10.899,0.424,0.00000000800,1559177223.543222904
348441.600337,2055,3,10,34.59227950,-112.43333810,1538.190,-0.100,0.100,-0.040,12.360,10.065,10.884,0.344,0.00000000800,1559177223.743586779
348441.800338,2055,3,10,34.59227910,-112.43333700,1538.338,0.040,-0.090,0.190,12.330,10.040,10.857,0.448,0.00000000800,1559177223.947805643
348442.000339,2055,3,10,34.59227910,-112.43333610,1538.379,0.030,0.030,0.120,12.300,10.016,10.833,0.408,0.00000000800,1559177224.146838188
348442.200340,2055,3,10,34.59227920,-112.43333530,1538.405,-0.030,-0.060,0.080,12.270,9.991,10.806,0.408,0.00000000800,1559177224.344703913
348442.400341,2055,3,10,34.59227870,-112.43333420,1538.571,-0.010,-0.060,0.110,12.240,9.967,10.782,0.432,0.00000000800,1559177224.543810368
348442.600342,2055,3,10,34.59227850,-112.43333300,1538.682,0.080,0.060,0.310,12.210,9.942,10.755,0.408,0.00000000800,1559177224.742976665
348442.800343,2055,3,10,34.59227830,-112.43333170,1538.810,-0.090,0.030,-0.170,12.180,9.918,10.722,0.424,0.00000000700,1559177224.943335295
348443.000344,2055,3,10,34.59227790,-112.43333040,1538.995,0.110,0.040,0.030,12.150,9.894,10.692,0.296,0.00000000700,1559177225.143725395
348443.200345,2055,3,10,34.59227790,-112.43332940,1539.084,0.100,-0.040,0.100,12.120,9.869,10.659,0.400,0.00000000700,1559177225.346714973
348443.400346,2055,3,10,34.59227760,-112.43332840,1539.215,-0.020,-0.070,0.040,12.060,9.820,10.626,0.376,0.00000000700,1559177225.543217897
348443.600347,2055,3,10,34.59227730,-112.43332710,1539.374,0.040,0.080,0.010,12.030,9.796,10.587,0.304,0.00000000700,1559177225.744854212
348443.800348,2055,3,10,34.59227710,-112.43332600,1539.502,0.020,-0.220,0.270,12.000,9.771,10.551,0.416,0.00000000700,1559177225.942764759
348444.000349,2055,3,10,34.59227690,-112.43332480,1539.599,0.110,0.090,0.190,11.940,9.723,10.515,0.360,0.00000000700,1559177226.143135786
348444.200350,2055,3,10,34.59227680,-112.43332350,1539.683,-0.140,0.230,-0.250,11.910,9.698,10.479,0.416,0.00000000700,1559177226.344702721
348444.400351,2055,3,10,34.59227630,-112.43332200,1539.871,0.010,-0.040,0.070,11.880,9.674,10.446,0.424,0.00000000700,1559177226.543858051
348444.600352,2055,3,10,34.59227610,-112.43332090,1540.015,0.170,0.050,0.120,11.820,9.625,10.410,0.344,0.00000000700,1559177226.742981434
348444.800353,2055,3,10,34.59227620,-112.43332010,1540.079,0.020,-0.080,0.040,11.820,9.625,10.392,0.392,0.00000000700,1559177226.939661980
348445.000354,2055,3,10,34.59227610,-112.43331940,1540.145,0.040,-0.060,0.050,11.790,9.600,10.371,0.384,0.00000000700,1559177227.142467737
348445.200355,2055,3,10,34.59227580,-112.43331850,1540.269,0.210,-0.110,0.740,11.760,9.576,10.353,0.408,0.00000000700,1559177227.344076157
348445.400356,2055,3,10,34.59227560,-112.43331740,1540.378,0.040,0.090,0.120,11.760,9.576,10.338,0.376,0.00000000700,1559177227.543204784
348445.600357,2055,3,10,34.59227520,-112.43331630,1540.509,-0.260,0.190,-0.590,11.730,9.552,10.326,0.432,0.00000000700,1559177227.743579626
348445.800358,2055,3,10,34.59227460,-112.43331530,1540.697,-0.170,0.040,-0.380,11.730,9.552,10.320,0.424,0.00000000700,1559177227.946431637
348446.000359,2055,3,10,34.59227440,-112.43331450,1540.802,-0.070,0.050,-0.290,11.730,9.552,10.311,0.440,0.00000000700,1559177228.149346352
348446.200360,2055,3,10,34.59227400,-112.43331360,1540.941,-0.280,0.150,-0.600,11.700,9.527,10.293,0.432,0.00000000700,1559177228.346069098
348446.400361,2055,3,10,34.59227350,-112.43331260,1541.120,-0.250,0.040,-0.690,11.700,9.527,10.272,0.432,0.00000000700,1559177228.543894291
348446.600362,2055,3,10,34.59227310,-112.43331150,1541.294,-0.130,0.180,-0.340,11.670,9.503,10.251,0.440,0.00000000700,1559177228.742952585
348446.800363,2055,3,10,34.59227280,-112.43331030,1541.434,0.010,0.100,-0.090,11.640,9.478,10.227,0.416,0.00000000700,1559177228.944594383
348447.000364,2055,3,10,34.59227270,-112.43330910,1541.519,-0.090,0.200,-0.130,11.610,9.454,10.206,0.400,0.00000000700,1559177229.146180153
348447.200365,2055,3,10,34.59227250,-112.43330820,1541.568,-0.120,0.070,-0.190,11.610,9.454,10.191,0.424,0.00000000700,1559177229.342827797
348447.400366,2055,3,10,34.59227260,-112.43330750,1541.582,0.150,0.060,0.130,11.580,9.429,10.179,0.360,0.00000000700,1559177229.543203592
348447.600367,2055,3,10,34.59227280,-112.43330680,1541.569,0.060,-0.010,0.190,11.580,9.429,10.167,0.432,0.00000000700,1559177229.743599653
348447.800368,2055,3,10,34.59227260,-112.43330610,1541.661,0.040,-0.150,0.080,11.580,9.429,10.161,0.416,0.00000000700,1559177229.944059134
348448.000369,2055,3,10,34.59227250,-112.43330560,1541.708,0.030,-0.080,-0.090,11.550,9.405,10.152,0.320,0.00000000700,1559177230.143086672
348448.200369,2055,3,10,34.59227240,-112.43330490,1541.767,0.020,0.100,-0.130,11.550,9.405,10.143,0.440,0.00000000700,1559177230.345928431
348448.400370,2055,3,10,34.59227240,-112.43330410,1541.827,0.150,-0.010,0.190,11.550,9.405,10.140,0.408,0.00000000700,1559177230.543821812
348448.600371,2055,3,10,34.59227230,-112.43330340,1541.892,0.050,-0.050,0.180,11.550,9.405,10.137,0.448,0.00000000700,1559177230.744223595
348448.800372,2055,3,10,34.59227190,-112.43330250,1542.039,0.030,0.060,-0.160,11.520,9.381,10.119,0.424,0.00000000700,1559177230.944628716
348449.000373,2055,3,11,34.59227120,-112.43330130,1542.271,-0.080,0.140,-0.110,11.520,11.520,10.095,0.392,0.00000000700,1559177231.148708820
348449.200374,2055,3,11,34.59227090,-112.43330060,1542.327,0.030,-0.070,0.230,11.490,11.490,10.074,0.440,0.00000000700,1559177231.347970009
348449.400375,2055,3,11,34.59227060,-112.43329980,1542.415,0.120,0.050,0.240,11.460,11.460,10.044,0.392,0.00000000700,1559177231.548212051
348449.600376,2055,3,11,34.59227030,-112.43329870,1542.551,0.090,0.070,-0.010,11.430,11.430,10.014,0.304,0.00000000700,1559177231.748580456
348449.800377,2055,3,11,34.59227000,-112.43329800,1542.656,0.010,-0.050,0.040,11.400,11.400,9.987,0.400,0.00000000700,1559177231.952677965
348450.000378,2055,3,11,34.59226940,-112.43329720,1542.842,0.250,-0.210,0.590,11.370,11.370,9.960,0.416,0.00000000700,1559177232.150551796
348450.200379,2055,3,10,34.59226960,-112.43329710,1542.786,0.030,0.040,0.100,10.043,11.370,9.975,0.408,0.00000000700,1559177232.337070227
348450.400380,2055,3,11,34.59226920,-112.43329640,1542.896,-0.040,-0.070,0.200,11.340,11.340,9.951,0.440,0.00000000700,1559177232.551301479
348450.600381,2055,3,10,34.59226900,-112.43329630,1542.893,0.120,-0.140,0.390,10.043,11.370,9.963,0.456,0.00000000700,1559177232.737824678
348450.800382,2055,3,11,34.59226810,-112.43329500,1543.164,0.380,-0.190,0.880,11.310,11.310,9.921,0.424,0.00000000700,1559177232.950907469
348451.000383,2055,3,11,34.59226750,-112.43329390,1543.364,0.470,-0.240,1.250,11.280,11.280,9.882,0.432,0.00000000700,1559177233.147446632
348451.200384,2055,3,11,34.59226690,-112.43329310,1543.549,0.120,-0.300,0.290,11.250,11.250,9.855,0.464,0.00000000700,1559177233.349073410
348451.400385,2055,3,11,34.59226630,-112.43329240,1543.710,0.080,0.010,0.290,11.220,11.220,9.831,0.504,0.00000000700,1559177233.548194408
348451.600386,2055,3,11,34.59226580,-112.43329160,1543.821,0.260,-0.180,0.850,11.190,11.190,9.804,0.520,0.00000000700,1559177233.749853373
348451.800387,2055,3,11,34.59226510,-112.43329070,1543.952,0.250,-0.060,0.860,11.160,11.160,9.777,0.520,0.00000000700,1559177233.947717428
348452.000388,2055,3,11,34.59226470,-112.43328990,1544.026,0.120,-0.130,0.460,11.130,11.130,9.750,0.536,0.00000000700,1559177234.148149014
348452.200389,2055,3,11,34.59226390,-112.43328910,1544.175,0.030,-0.050,0.220,11.100,11.100,9.720,0.544,0.00000000700,1559177234.349721193
348452.400390,2055,3,11,34.59226310,-112.43328830,1544.348,0.220,-0.220,0.780,11.070,11.070,9.696,0.552,0.00000000700,1559177234.553882122
348452.600391,2055,3,11,34.59226250,-112.43328770,1544.469,0.230,-0.240,0.600,11.040,11.040,9.666,0.568,0.00000000700,1559177234.751697063
348452.800392,2055,3,11,34.59226200,-112.43328710,1544.590,0.420,-0.260,1.260,11.040,11.040,9.648,0.608,0.00000000700,1559177234.938209534
348453.000393,2055,3,11,34.59226130,-112.43328640,1544.714,0.030,-0.050,0.270,11.010,11.010,9.630,0.632,0.00000000700,1559177235.151194334
348453.200394,2055,3,11,34.59226060,-112.43328560,1544.878,0.110,-0.060,0.390,10.980,10.980,9.612,0.648,0.00000000700,1559177235.349087715
348453.400395,2055,3,11,34.59225990,-112.43328470,1545.059,0.200,-0.040,0.390,10.950,10.950,9.585,0.640,0.00000000700,1559177235.548173904
348453.600396,2055,3,11,34.59225950,-112.43328400,1545.167,0.100,-0.020,0.250,10.950,10.950,9.564,0.664,0.00000000700,1559177235.748574495
348453.800397,2055,3,11,34.59225900,-112.43328330,1545.264,0.050,0.120,0.140,10.920,10.920,9.549,0.480,0.00000000700,1559177235.949075460
348454.000398,2055,3,11,34.59225860,-112.43328270,1545.359,0.130,-0.100,0.340,10.920,10.920,9.534,0.664,0.00000000700,1559177236.148097992
348454.200399,2055,3,11,34.59225840,-112.43328260,1545.381,0.220,-0.290,0.690,10.890,10.890,9.519,0.656,0.00000000700,1559177236.349696636
348454.400400,2055,3,11,34.59225820,-112.43328250,1545.386,0.260,-0.170,0.640,10.860,10.860,9.501,0.648,0.00000000700,1559177236.547585249
348454.600401,2055,3,11,34.59225820,-112.43328230,1545.388,0.250,-0.090,0.500,10.860,10.860,9.492,0.632,0.00000000700,1559177236.749195337
348454.800402,2055,3,11,34.59225790,-112.43328180,1545.476,0.230,-0.130,0.470,10.860,10.860,9.480,0.648,0.00000000700,1559177236.949564457
348455.000403,2055,3,11,34.59225790,-112.43328170,1545.492,0.220,-0.210,0.670,10.830,10.830,9.471,0.680,0.00000000700,1559177237.151194572
348455.200404,2055,3,11,34.59225760,-112.43328130,1545.513,0.030,0.060,0.280,10.830,10.830,9.462,0.632,0.00000000700,1559177237.349047422
348455.400405,2055,3,11,34.59225720,-112.43328080,1545.610,-0.030,-0.020,-0.060,10.830,10.830,9.453,0.624,0.00000000700,1559177237.549526453
348455.600406,2055,3,11,34.59225680,-112.43328050,1545.691,0.140,-0.070,0.280,10.800,10.800,9.447,0.712,0.00000000700,1559177237.749854326
348455.800407,2055,3,11,34.59225690,-112.43328030,1545.665,0.180,0.020,0.460,10.800,10.800,9.438,0.688,0.00000000700,1559177237.948962688
348456.000408,2055,3,11,34.59225700,-112.43328020,1545.593,0.160,-0.160,0.620,10.800,10.800,9.429,0.688,0.00000000700,1559177238.148047447
348456.200409,2055,3,11,34.59225670,-112.43327990,1545.634,0.150,-0.080,0.450,10.800,10.800,9.423,0.688,0.00000000700,1559177238.349691153
348456.400409,2055,3,11,34.59225650,-112.43327980,1545.668,0.170,-0.240,0.460,10.770,10.770,9.417,0.688,0.00000000700,1559177238.547562361
348456.600410,2055,3,11,34.59225650,-112.43327970,1545.681,0.120,0.090,0.140,10.770,10.770,9.411,0.552,0.00000000700,1559177238.749277353
348456.800411,2055,3,11,34.59225630,-112.43327940,1545.735,0.110,-0.120,0.270,10.770,10.770,9.405,0.728,0.00000000700,1559177238.949687243
348457.000412,2055,3,11,34.59225590,-112.43327910,1545.824,0.030,0.050,0.160,10.770,10.770,9.399,0.656,0.00000000700,1559177239.148702860
348457.200413,2055,3,11,34.59225560,-112.43327890,1545.864,-0.040,-0.090,0.100,10.770,10.770,9.396,0.608,0.00000000700,1559177239.349092245
348457.400414,2055,3,11,34.59225530,-112.43327880,1545.898,0.100,-0.030,0.270,10.770,10.770,9.393,0.752,0.00000000700,1559177239.548205853
348457.600415,2055,3,11,34.59225510,-112.43327840,1545.925,0.150,0.030,0.470,10.770,10.770,9.393,0.736,0.00000000700,1559177239.749791384
348457.800416,2055,3,11,34.59225500,-112.43327820,1545.917,0.120,-0.040,0.320,10.770,10.770,9.390,0.760,0.00000000700,1559177239.952606916
348458.000417,2055,3,11,34.59225480,-112.43327810,1545.927,0.140,-0.080,0.370,10.770,10.770,9.390,0.768,0.00000000700,1559177240.150480986
348458.200418,2055,3,11,34.59225470,-112.43327810,1545.939,0.150,-0.250,0.620,10.770,10.770,9.387,0.776,0.00000000700,1559177240.348438025
348458.400419,2055,3,11,34.59225450,-112.43327820,1545.935,0.150,-0.090,0.450,10.770,10.770,9.387,0.768,0.00000000700,1559177240.548905134
348458.600420,2055,3,11,34.59225430,-112.43327820,1545.978,0.180,-0.230,0.420,10.740,10.740,9.381,0.744,0.00000000700,1559177240.748005867
348458.800421,2055,3,11,34.59225390,-112.43327810,1546.053,0.040,-0.040,0.330,10.740,10.740,9.375,0.752,0.00000000700,1559177240.949580193
348459.000422,2055,3,11,34.59225370,-112.43327800,1546.079,0.110,-0.050,0.340,10.740,10.740,9.372,0.784,0.00000000700,1559177241.148706675
348459.200423,2055,3,11,34.59225340,-112.43327800,1546.119,0.150,-0.210,0.370,10.740,10.740,9.369,0.776,0.00000000700,1559177241.347812176
348459.400424,2055,3,11,34.59225310,-112.43327810,1546.152,0.130,-0.160,0.290,10.740,10.740,9.369,0.784,0.00000000700,1559177241.548187971
348459.600425,2055,3,11,34.59225280,-112.43327810,1546.190,0.200,-0.120,0.510,10.740,10.740,9.366,0.768,0.00000000700,1559177241.749842644
348459.800426,2055,3,11,34.59225250,-112.43327800,1546.256,0.180,-0.030,0.130,10.740,10.740,9.360,0.616,0.00000000700,1559177241.947787285
348460.000427,2055,3,11,34.59225220,-112.43327790,1546.295,0.220,-0.110,0.450,10.710,10.710,9.354,0.736,0.00000000700,1559177242.148092031
348460.200428,2055,3,11,34.59225180,-112.43327770,1546.369,0.090,-0.050,0.150,10.710,10.710,9.348,0.720,0.00000000700,1559177242.348436832
348460.400429,2055,3,11,34.59225130,-112.43327750,1546.455,0.200,0.050,0.170,10.710,10.710,9.339,0.560,0.00000000600,1559177242.551293373
348460.600430,2055,3,11,34.59225090,-112.43327730,1546.528,0.000,-0.030,0.060,10.710,10.710,9.333,0.712,0.00000000600,1559177242.739089012
348460.800431,2055,3,11,34.59225020,-112.43327710,1546.637,-0.010,-0.030,-0.090,10.680,10.680,9.324,0.624,0.00000000600,1559177242.952077389
348461.000432,2055,3,11,34.59224950,-112.43327690,1546.750,-0.020,0.030,-0.010,10.680,10.680,9.318,0.488,0.00000000600,1559177243.148709774
348461.200433,2055,3,11,34.59224900,-112.43327670,1546.813,0.060,0.050,0.130,10.680,10.680,9.309,0.616,0.00000000600,1559177243.349041462
348461.400434,2055,3,11,34.59224840,-112.43327650,1546.904,-0.010,-0.060,0.060,10.680,10.680,9.300,0.616,0.00000000600,1559177243.548266888
348461.600435,2055,3,11,34.59224790,-112.43327650,1546.979,-0.100,-0.040,0.040,10.650,10.650,9.291,0.296,0.00000000600,1559177243.749844313
348461.800436,2055,3,11,34.59224720,-112.43327640,1547.070,0.050,-0.060,0.130,10.650,10.650,9.282,0.720,0.00000000600,1559177243.947688580
348462.000437,2055,3,10,34.59224680,-112.43327650,1547.114,0.030,-0.010,0.010,10.650,8.672,9.285,0.496,0.00000000600,1559177244.149307013
348462.200438,2055,3,10,34.59224660,-112.43327650,1547.121,0.150,0.080,0.170,10.650,8.672,9.294,0.664,0.00000000600,1559177244.348416090
348462.400439,2055,3,10,34.59224620,-112.43327630,1547.186,0.050,-0.080,0.360,10.680,8.697,9.303,0.832,0.00000000600,1559177244.545041561
348462.600440,2055,3,10,34.59224590,-112.43327650,1547.163,0.090,-0.140,0.270,10.680,8.697,9.315,0.848,0.00000000600,1559177244.744187355
348462.800441,2055,3,10,34.59224560,-112.43327680,1547.177,0.200,-0.210,0.370,10.710,8.721,9.333,0.832,0.00000000600,1559177244.944658756
348463.000441,2055,3,11,34.59224490,-112.43327690,1547.287,0.060,-0.130,0.140,10.710,10.710,9.330,0.664,0.00000000600,1559177245.146165371
348463.200442,2055,3,11,34.59224440,-112.43327700,1547.362,0.030,-0.070,0.120,10.680,10.680,9.321,0.688,0.00000000600,1559177245.349055052
348463.400443,2055,3,11,34.59224370,-112.43327700,1547.446,0.040,-0.050,0.050,10.680,10.680,9.312,0.624,0.00000000600,1559177245.551988363
348463.600444,2055,3,11,34.59224330,-112.43327710,1547.482,0.090,-0.020,0.300,10.680,10.680,9.303,0.688,0.00000000600,1559177245.749814749
348463.800445,2055,3,11,34.59224270,-112.43327680,1547.561,0.080,0.130,0.090,10.650,10.650,9.288,0.440,0.00000000600,1559177245.948991537
348464.000446,2055,3,11,34.59224210,-112.43327650,1547.674,0.010,-0.030,0.000,10.650,10.650,9.273,0.416,0.00000000600,1559177246.148106813
348464.200447,2055,3,11,34.59224150,-112.43327640,1547.786,0.000,0.010,-0.070,10.620,10.620,9.258,0.664,0.00000000600,1559177246.348430872
348464.400448,2055,3,11,34.59224080,-112.43327630,1547.881,-0.030,0.060,0.050,10.620,10.620,9.249,0.344,0.00000000600,1559177246.548886061
348464.600449,2055,3,11,34.59224020,-112.43327610,1547.969,-0.040,-0.060,0.080,10.620,10.620,9.246,0.616,0.00000000600,1559177246.747953176
348464.800450,2055,3,11,34.59223960,-112.43327610,1548.046,0.030,-0.030,0.060,10.620,10.620,9.243,0.752,0.00000000600,1559177246.949565411
